"","PC1","PC2","PC3","PC4","PC5","PC6","PC7","PC8","PC9","PC10","PC11","PC12","PC13","PC14","PC15","PC16","PC17","PC18","PC19","PC20","PC21","PC22","PC23","PC24","PC25","PC26","PC27"
"HG00978",0.105562264725119,-0.0204890375663951,-0.0177087710523829,0.159025766790074,-0.00670716244159283,-0.118971290616951,0.00997730682966194,-0.31671034461334,-0.484502156508744,0.0330922920825443,0.00966654978572393,-0.791324415415557,0.0666333473838883,0.229645144767014,-0.529520757131304,0.121656574730845,0.00224866967406689,8.76461937022662,NA,NA,NA,NA,NA,NA,NA,NA,NA
"HG01046",0.124793554250981,-0.0175183235456815,-0.0146216808273383,0.133746435535054,0.12282338780159,-0.27010515605037,-0.143799305101593,-0.375651918681662,-0.0891753936313485,0.634973602832044,0.106205485392101,-0.195930896262611,0.508543347331463,-0.156095276008781,-1.24579805083842,-0.378410120707277,1.66118877958737,8.80572313118363,NA,NA,NA,NA,NA,NA,NA,NA,NA
"HG00864",0.107086203748726,0.137035173645522,0.0275246321486057,0.0601541445273002,-0.0873099820642017,-0.00889871509073957,0.671975777991121,-0.645921469332256,0.48679543928992,0.278152763377992,-0.483703281823976,0.260706219662413,0.305174697576528,-0.715957691023865,1.29974647316148,5.50956299858323,-3.97964476697971,12.0478848257368,NA,NA,NA,NA,NA,NA,NA,NA,NA
"HG01797",-0.0983591489792297,0.933056365505851,0.0101098466788751,0.0171074202829258,0.0567012077399534,-0.0372074984538096,0.108321880910359,0.0901477436949709,-0.118276770754821,0.118540252404846,0.14845917430017,-0.241514420650177,0.198858299420233,0.355276907690552,0.263755983208764,0.27359928602968,-4.72656903215518,-19.3527047947075,NA,NA,NA,NA,NA,NA,NA,NA,NA
"HG01798",0.114829822871488,-0.0232246539999508,0.636660981393953,-0.18356637364713,-0.071229661872978,-0.206304857370439,0.0269222543924061,0.151439426689061,0.200084500947522,-0.372082341016644,0.300207595136581,-0.560025881281113,-0.430704785084968,-1.37799476640707,-1.11002041573834,-0.548498026519671,2.00011641384067,4.41228966887808,NA,NA,NA,NA,NA,NA,NA,NA,NA
"HG01801",-0.111012475280239,0.97908505675826,0.00843326464515891,0.0463292455375544,0.106716432851182,0.073818989854504,-0.00934537797923728,0.040773387686352,0.118820113682544,-0.175147795485619,-0.237307941470679,-0.0755249828833995,0.276357378201854,1.22383627269061,0.224692159313047,1.10307031632858,-6.09722589759611,-19.2529524173555,NA,NA,NA,NA,NA,NA,NA,NA,NA
"HG01806",0.204520265560875,-0.0213824688606797,-0.0183686335147165,-0.035849117360995,-0.0342711303774029,0.187414765010164,-0.0219839603287576,-0.0516575622425908,-0.0370871697280145,-0.0777635531526471,-0.0426445523602331,-0.0232780328360115,0.189294360392273,0.91322978345458,-1.14513029979551,-0.343367781978987,2.25116812378087,14.3261753291625,NA,NA,NA,NA,NA,NA,NA,NA,NA
"HG01813",0.207444163883193,-0.0191294253145855,-0.0193766141096147,-0.0426332138110375,-0.0473768567324111,0.162076265804386,-0.00272245237278852,0.0168870162404407,0.0243631109408076,0.0892698497352407,-0.0136403914359963,-0.165258303689712,-0.0216705365163063,-0.115441384415037,-0.0691454600159482,-0.263609374265595,-0.0146548674348134,-0.0882829095398958,-0.0104420257468915,0.00121087279218965,0.000192286842087389,-0.0181765331631253,0.0119204418892606,-0.19706497043946,0.79936470155754,0.238253023582266,-0.241456054097718
"HG02190",-0.0390818195427643,0.401264921698402,1.20757303630651,-0.354688952546902,0.0852909192308938,0.0457016822419286,0.236501496309452,0.162905498313898,-0.166894324262073,0.0793393603658085,0.0357400189383068,0.31141625418134,0.319578211609008,-0.119674081519724,-0.951707397655411,2.21456752423824,-1.52207047954242,-12.7561192364108,NA,NA,NA,NA,NA,NA,NA,NA,NA
"HG01800",0.0655939717461168,0.786519354255498,0.00854918230594118,-0.0299706266078219,-0.0386931781869503,0.188287499804483,0.268233316919476,0.177429604592827,-0.15418183857543,-0.0740571416168805,-0.40427537682545,-0.0481650437494904,0.145608191953878,0.53058030386259,-0.471797411705937,0.386536856720433,-2.55216215435626,-5.35985919239136,NA,NA,NA,NA,NA,NA,NA,NA,NA
"HG01805",0.20939632976618,-0.0195642001159437,-0.0200824318028001,-0.0430404982940777,-0.0491646778520888,-0.162389525818032,0.0595803625917293,0.193747472443841,0.116672770228025,-0.114346536594669,-0.0330962481622354,-0.0215845973706273,-0.209917608235243,-0.00971052850452881,-1.483789471226,-1.12778111721758,3.66931640908834,13.3106966788729,NA,NA,NA,NA,NA,NA,NA,NA,NA
"HG01812",0.204520265560875,-0.0213824688606797,-0.0183686335147165,-0.035849117360995,-0.0342711303774029,0.187414765010164,-0.0219839603287576,-0.0516575622425908,-0.0370871697280145,-0.0777635531526471,-0.0426445523602331,-0.0232780328360115,0.189294360392273,0.91322978345458,-1.14513029979551,-0.343367781978987,2.25116812378087,14.3261753291625,NA,NA,NA,NA,NA,NA,NA,NA,NA
"HG01817",-0.216162036857189,-0.0604263012263473,-0.07741604650968,-0.109705555317494,-0.0846210737501916,0.00351615857720827,0.770013910027428,-0.449294365620965,0.303136113828297,-0.0261364490940591,0.0032925780477158,-0.00341018748796439,-0.000139184962025561,-1.92959320383414e-05,-0.00478188911419357,-0.00320692905871246,0.000784631089297376,-4.21440328410294e-05,0.000462437662633286,-0.000692724108799412,0.000219347736989978,0.00024505735519847,0.000284311217855938,0.00500544692550443,-0.018190373261038,0.0231678729668106,-0.190025502306111
"HG02151",0.083730386218335,-0.023774210681559,-0.0178563529840461,0.136722073761183,0.000945381537076517,-0.494317985171449,-0.0544756402451737,-0.116404716629891,-0.0136285555075898,0.261034191968897,-0.326971232805081,0.00671646892349689,-0.256456017925818,-0.663404225903412,-1.22504821034703,-0.408661078518032,1.98218034295057,5.31948791657026,NA,NA,NA,NA,NA,NA,NA,NA,NA
"HG02156",0.204520265560875,-0.0213824688606797,-0.0183686335147165,-0.035849117360995,-0.0342711303774029,0.187414765010164,-0.0219839603287576,-0.0516575622425908,-0.0370871697280145,-0.0777635531526471,-0.0426445523602331,-0.0232780328360115,0.189294360392273,0.91322978345458,-1.14513029979551,-0.343367781978987,2.25116812378087,14.3261753291625,NA,NA,NA,NA,NA,NA,NA,NA,NA
"HG02168",-0.217221806194485,-0.0581311064521481,-0.0732152894089356,-0.0981716293500319,-0.0586400592299182,0.0110726086758383,-0.0524234711686955,0.0932224539637841,-0.0904547896669368,-0.0112525205735156,0.130105590494577,-0.00159186033422132,0.00407098350862783,0.00150150762931462,0.127380277338973,-0.0145827517901019,0.00016649274272437,-0.0292056150935468,0.0148597008265591,0.0189560752596757,0.00197718281530424,-0.000350221883780483,-0.0321426252970169,-0.0817542074037689,0.187111854371138,-0.854278901918414,-0.322155466039066
"HG02170",-0.217221806194486,-0.0581311064521477,-0.0732152894089355,-0.0981716293500331,-0.0586400592299189,0.0110726086758407,-0.0524234711686958,0.093222453963785,-0.0904547896669385,-0.0112525205735157,0.130105590494583,-0.00159186033422442,0.00407098350862279,0.00150150762931848,-0.825984726972178,0.162019125787316,0.0436362847076914,0.0636121516925964,0.00140159313122888,0.0875506170611185,-0.00449624095302694,0.0684771085783585,0.367061075674317,0.0484410972787617,-0.0184399015012525,0.0388009067057243,-0.168600052133103
"HG02182",-0.111353024039047,-0.0581226488004525,-0.0209059489863804,0.274786584071767,0.15883883725169,-0.295293842896497,-0.06026142567091,-0.273588678265454,-0.43613789007306,0.463840182713036,-0.840625672049843,-0.109666137040165,0.329880292066892,0.733363152952429,0.000891506852575299,1.7046148861207,-2.74539481751325,-2.50029432400294,NA,NA,NA,NA,NA,NA,NA,NA,NA
"HG02187",0.141420355660136,-0.0157602680948176,-0.0156928985474722,0.113436859199952,0.107011714156371,-0.166455477456844,-0.126851077105013,-0.362284091408776,-0.125746119862394,0.459303270663971,0.154954598001383,0.182182572368402,0.200234446692346,-0.83030819948016,-1.42779005888535,-1.32802637572835,3.37644444903581,8.00460368259577,NA,NA,NA,NA,NA,NA,NA,NA,NA
"HG02373",0.100479788055184,-0.0177986534417938,0.51022345439966,-0.0915984728314505,-0.055786288742514,0.0527005280082943,-0.059619118571139,-0.020235914030667,0.177056193212144,0.19686657325615,0.354117829618724,0.0730936011339392,0.092966245167161,-1.1097350329146,-1.17888238471697,-0.474491986344688,2.43540664714747,3.2907634030814,NA,NA,NA,NA,NA,NA,NA,NA,NA
"HG02380",0.0636645424642249,0.68590932715821,0.00752512150401885,-0.0311570255661592,-0.0143102428311667,0.206371535000144,0.179213054767338,0.0674045511416623,-0.121215647247885,-0.233030518124062,-0.41526880442595,0.110572559756362,0.323754939455186,1.29431348183595,-0.532919518022768,0.801439087372435,-2.49049925045424,-3.69384903879274,NA,NA,NA,NA,NA,NA,NA,NA,NA
"HG02385",0.131984303347278,-0.0190531310904327,-0.0171013200726282,0.121384532084199,0.101636048613905,-0.829034440144895,-0.015252050322057,0.0142986861049254,0.123448000285148,0.0917432203083813,-0.0085622944218565,0.326095614778635,-0.0970682128710566,-0.431650540414125,-2.08670408048548,-1.15497432642508,4.45697292797485,7.25747889532668,NA,NA,NA,NA,NA,NA,NA,NA,NA
"HG02409",0.104815746181143,-0.0212181450656495,-0.0148187883100685,0.143847841996556,0.150154685291107,-0.242533593725593,-0.170127495731842,-0.396867113377203,-0.0633538266896246,0.546310004587126,-0.0897622830098369,-0.246290469627836,0.0851991984316314,-0.471454423169442,-0.957273611182261,-0.238205874049386,0.989885953739267,7.65546580261506,NA,NA,NA,NA,NA,NA,NA,NA,NA
"HG02392",0.103661244617626,-0.0158523992503634,0.508806006299878,-0.0822354534515327,-0.0456718879412671,0.0406604032932946,-0.094752046823143,-0.0539659524556915,0.226320163978016,0.202147342607609,0.366157077142068,0.0572692187787623,0.112593938920731,-1.07305695469805,-1.21726979121452,-0.436130456582543,2.35415901700582,3.36724573317992,NA,NA,NA,NA,NA,NA,NA,NA,NA
"HG02397",0.11162932419558,-0.0151497354267564,-0.0168463462689228,0.0905434401302542,0.0737867938949398,-0.205786932005968,-0.190547544970428,-0.43932555427175,-0.119699571490664,0.451789895805787,-0.172015127668715,0.0425297148272536,-0.132269571228299,-0.930852777069194,-1.0772744074751,-0.879558793541048,2.00748639329911,6.7845900513126,NA,NA,NA,NA,NA,NA,NA,NA,NA
"HG02405",0.131397108792876,-0.0135221361555935,-0.0146025173493104,0.136047871759682,0.123306272572731,-0.218689835027554,-0.154917373811784,-0.456042676814323,-0.186622814607562,0.46278051427196,0.175625151764282,0.0509730669775554,-0.0757945586980005,-0.850801281810395,-1.22766847604832,-1.03828742716609,2.75309389921472,7.83322404791964,NA,NA,NA,NA,NA,NA,NA,NA,NA
"HG02152",-0.102870160773824,-0.0522562289563938,0.817913991151595,-0.0546189166309479,0.0176680319858792,-0.0135645782769246,-0.00908658956228421,-0.0107569427694895,-0.050852247868786,0.035868997881577,-0.0928055961120439,0.100101543731313,0.10047562740588,0.00371093788363082,-0.238209744102124,2.2270450805785,-1.68316989650122,-8.45999260174812,NA,NA,NA,NA,NA,NA,NA,NA,NA
"HG02164",0.101950822072881,-0.021807065448033,-0.0161225480199524,0.133572949104162,0.144876048974606,-0.192752900886172,-0.193806913756,-0.463289587397465,-0.126457738301297,0.337255989919643,-0.183347081319815,-0.00992306800435715,0.211323123822817,0.381216282707158,-1.0676391018027,0.21836837286473,0.885814743982847,7.49772429182827,NA,NA,NA,NA,NA,NA,NA,NA,NA
"HG02169",0.138203766932027,-0.0148232005020894,-0.016897661006235,0.105905423496587,0.102892493985182,-0.195481904663508,-0.133643401595883,-0.376476128184232,-0.13455285597937,0.501691872015449,0.127058346385712,0.118191340756189,0.261052294076335,-0.695802200593319,-1.38932168403276,-1.18730645724808,3.03741233897511,8.21890299195725,NA,NA,NA,NA,NA,NA,NA,NA,NA
"HG02176",0.204520265560875,-0.0213824688606797,-0.0183686335147165,-0.035849117360995,-0.0342711303774029,0.187414765010164,-0.0219839603287576,-0.0516575622425908,-0.0370871697280145,-0.0777635531526471,-0.0426445523602331,-0.0232780328360115,0.189294360392273,0.91322978345458,-1.14513029979551,-0.343367781978987,2.25116812378087,14.3261753291625,NA,NA,NA,NA,NA,NA,NA,NA,NA
"HG02188",0.165557539481178,-0.0200523939353344,-0.0172401351085052,0.0714866007481254,0.133408262780479,0.045690183341015,-0.145777746553092,-0.565507336203653,-0.456709466549615,-0.459071466771654,0.0858151737180113,0.157481256086328,-0.32847712406256,-0.0970411952888518,-0.00478188911419563,-0.00320692905871619,0.000784631089299907,-4.21440328420017e-05,0.000462437662632882,-0.000692724108798861,0.00021934773698964,0.000245057355198651,0.000284311217856536,0.0050054469255045,-0.0181903732610422,0.0231678729668051,-0.190025502306112
"HG02353",0.211348495649167,-0.019998974917302,-0.0207882494959853,-0.043447782777118,-0.0509524989717649,-0.486855317440449,0.121883177556256,0.370607928647245,0.208982429515242,-0.31796292292458,-0.052552104888471,0.122089108948452,-0.398164679954147,0.0960203274059622,-0.00874752271366145,-0.0341054354364293,0.183435065401488,-0.0203017593908152,0.00272041910182979,0.0485840963448185,-0.0108197857508759,0.018591406803488,0.0169267837295877,-0.382416892786016,-0.0891619660514139,0.0456228186950427,-0.18945744287552
"HG02358",0.190848787144959,-0.0171232939911843,-0.0138016502221245,-0.00388108491867698,0.0121420255723711,0.11391642899141,-0.0130340766051362,-0.00540948164704541,0.0781631000023029,0.431770483040639,0.113136764635062,0.839955141552359,-0.0234199271632349,-0.0361819854426921,-0.00478188911419792,-0.00320692905871615,0.000784631089301827,-4.21440328424966e-05,0.000462437662632742,-0.000692724108798709,0.000219347736989739,0.000245057355198893,0.000284311217857576,0.00500544692550476,-0.018190373261047,0.0231678729668053,-0.190025502306114
"HG02360",0.12664691724551,0.0236868875100553,-0.012975099647277,0.117578176191476,0.0872088387863283,-0.136608486114364,-0.136107422708703,-0.401465399442492,-0.175591650495167,0.293587339469075,-0.0323977468251265,0.267403720412645,0.429425645380956,0.342679419484339,-1.40262580614271,-0.368151425351754,2.21214621087581,7.87367213327441,NA,NA,NA,NA,NA,NA,NA,NA,NA
"HG02384",0.207444163883193,-0.0191294253145855,-0.0193766141096148,-0.0426332138110379,-0.0473768567324114,0.162076265804386,-0.0027224523727816,0.0168870162404347,0.0243631109408122,0.0892698497352392,-0.0136403914359959,-0.165258303689714,-0.0216705365163037,-0.115441384415086,-0.121177008997283,0.0515725248713206,0.148852077482019,0.0960599051758631,0.0486490835078651,0.548936766345983,-0.475282068429664,-0.238105646243113,-0.419197317805171,0.0633712889414361,-0.169367677651371,-0.0133291774462667,-0.179241837846023
"HG02389",0.207444163883193,-0.0191294253145855,-0.0193766141096148,-0.0426332138110379,-0.0473768567324113,0.162076265804386,-0.00272245237278154,0.0168870162404345,0.0243631109408124,0.0892698497352394,-0.0136403914359962,-0.165258303689715,-0.0216705365163046,-0.115441384415087,-0.0771807751262533,0.251406329499063,0.430111722650483,-0.578391449134567,-0.120332253825922,-0.423819169044044,0.0935771701451459,-0.0445377588224662,-0.123933856018295,0.0935009437916998,-0.159742168608058,-0.0222753769043959,-0.179146083973687
"HG02391",0.20939632976618,-0.0195642001159437,-0.0200824318028001,-0.0430404982940777,-0.0491646778520888,-0.162389525818032,0.0595803625917293,0.193747472443841,0.116672770228025,-0.114346536594669,-0.0330962481622354,-0.0215845973706273,-0.209917608235243,-0.00971052850452881,-1.483789471226,-1.12778111721758,3.66931640908834,13.3106966788729,NA,NA,NA,NA,NA,NA,NA,NA,NA
"HG02396",0.10155584755464,-0.0199336539593096,-0.0158434637317747,0.0982108987284685,0.106763389473816,-0.225950380014591,-0.176860286923419,-0.362436925841223,-0.0283676198221249,0.553028240944171,-0.264824993675188,-0.17438062201166,0.202682190273593,-0.480115537148925,-1.01454045973315,-0.291514251269025,0.997997796569651,7.39826388238899,NA,NA,NA,NA,NA,NA,NA,NA,NA
"HG00844",-0.217221806194485,-0.0581311064521479,-0.0732152894089355,-0.0981716293500327,-0.0586400592299188,0.0110726086758403,-0.0524234711686983,0.0932224539637865,-0.0904547896669399,-0.0112525205735159,0.130105590494583,-0.0015918603342223,0.00407098350862709,0.00150150762931972,0.131953342069965,-0.0795029152812747,0.405765954714536,0.527223982556726,0.255452994471093,-0.437558735526851,-0.108975360986501,-0.287555299062423,-0.0510923807509937,0.108990165759551,0.0169070346509819,0.180997982490796,-0.170362538544176
"HG00851",-0.109164095037547,-0.0468471882501802,0.877163278960338,-0.00845255083002156,-0.059342804340627,0.0569926620925925,-0.0795613516176469,-0.0169607674844056,0.210247838424807,-0.117491971425402,0.31054733517559,0.0879745958236263,-0.00154030530430202,-0.160468575175105,-0.0818547071647209,2.27011297534766,-1.73396973957796,-9.96549222602095,NA,NA,NA,NA,NA,NA,NA,NA,NA
"HG01028",-0.134838735398357,0.89465876107822,0.000204934434327683,0.0355181033737926,-0.0284470999900588,0.125080875836137,1.07688013524987,-0.175212094901764,0.0569119106194362,-0.160384190293017,0.0659309231858109,-0.114178300123375,0.309196170889592,1.14475867443898,3.17230330958652,7.16030086603876,-10.7047985256388,-12.7303167835102,NA,NA,NA,NA,NA,NA,NA,NA,NA
"HG01794",-0.0898852905927891,-0.0514487914991397,0.906024231984385,-0.022138918025843,0.0377105001489096,-0.0686671037135893,-0.153285912458651,-0.164923220888543,0.173910668864164,0.0429790705943423,0.0991689380831941,-0.0254510382624518,0.134371661495419,0.160388077630267,-0.362084812694398,2.63546530351688,-2.15215735654373,-7.19847225816405,NA,NA,NA,NA,NA,NA,NA,NA,NA
"HG01796",0.0717539295615772,-0.0265180749648873,-0.0149416902007183,0.180310100047104,-0.0327258350422216,-0.016011282999142,0.0422550284913862,-0.0754374196538317,-0.191559430759641,0.308185920290544,-0.269618672244785,0.0230724527422006,-0.278438073537923,-1.20342069654549,-0.679461307740104,-0.63917341488587,1.75919762269087,3.75194992890452,NA,NA,NA,NA,NA,NA,NA,NA,NA
"HG01804",-0.0888062427659299,-0.0450011425229179,0.873580309205195,-0.0483696889776929,0.0585790545218408,-0.0810790011752303,-0.144383216278171,-0.168693081623527,0.120975109876444,0.0672791200474406,0.0227365687472626,0.00369718331341029,0.156922118660222,0.183584362499618,-0.376137500033684,2.48121882867168,-2.07288043435792,-7.01724821114951,NA,NA,NA,NA,NA,NA,NA,NA,NA
"HG01809",0.0915397887987676,-0.0233234597132502,-0.017199632334402,0.120245685155492,0.134562727085342,-0.19951737482592,-0.183478082937121,-0.354102328602219,0.00626456956177756,0.499112880822006,-0.33980836060885,-0.215715753936771,-0.00441701435701369,-0.634643268182216,-0.862328446174658,-0.223933509797339,0.628111950625827,7.01512114805887,NA,NA,NA,NA,NA,NA,NA,NA,NA
"HG01811",0.204520265560875,-0.0213824688606797,-0.0183686335147165,-0.035849117360995,-0.0342711303774029,0.187414765010164,-0.0219839603287576,-0.0516575622425908,-0.0370871697280145,-0.0777635531526471,-0.0426445523602331,-0.0232780328360115,0.189294360392273,0.91322978345458,-1.14513029979551,-0.343367781978987,2.25116812378087,14.3261753291625,NA,NA,NA,NA,NA,NA,NA,NA,NA
"HG01816",0.069014674356857,-0.0273462145848867,-0.0140875672300647,0.178117097860965,-0.00453906215996759,-0.068444970277737,0.0216101199114099,-0.186935595720651,-0.30828631841311,0.25142284556345,-0.238200295632582,0.0160949147577506,0.0991068645889294,0.177573237426438,-0.702498571052427,0.335291378243899,0.83516194056882,5.64456936628432,NA,NA,NA,NA,NA,NA,NA,NA,NA
"HG01799",0.0906297295534301,-0.0257608711722923,-0.0136288000502998,0.126249388797973,0.0936948828929218,-0.581741324416965,-0.0214628802912989,-0.143706187202597,-0.108639860565951,0.400240118792743,-0.159915891420891,-0.192542005326197,-0.0365287185934425,-0.205150010587747,-1.21147404870001,-0.122238357392142,1.62963015687197,7.0384689123049,NA,NA,NA,NA,NA,NA,NA,NA,NA
"HG01802",-0.116294809506986,0.904346904842216,-0.00188386534619833,-0.000440230147491796,0.0350275490369797,0.0473330964886468,0.17342624996561,0.140177255383583,-0.266252143827384,-0.0866984780864126,-0.0198887905906117,-0.0332604005186708,0.316764088119596,1.15071000482136,0.331412468933968,0.720612137833884,-5.00708641014709,-19.4559153324103,NA,NA,NA,NA,NA,NA,NA,NA,NA
"HG01807",0.207444163883193,-0.0191294253145855,-0.0193766141096148,-0.0426332138110377,-0.0473768567324111,0.162076265804386,-0.00272245237278421,0.0168870162404366,0.0243631109408104,0.0892698497352392,-0.0136403914359959,-0.165258303689712,-0.0216705365163025,-0.115441384415088,0.241861968700476,0.429141554121744,-0.322798913592042,0.0206816660459797,0.409100094104093,-0.0108416270797399,-0.0379508511819155,-0.19470995970933,0.456985002648171,-0.234384471554507,-0.132149608671562,0.0418981886730905,-0.196563336676843
"HG02155",0.134619098842965,-0.0183146633956584,-0.018035940532088,0.127668171840975,0.106856932838371,-0.191220782873959,-0.15338168919603,-0.441966885791663,-0.206675081425618,0.196245246645392,0.0368459373313188,-0.879613403136168,-0.15640969116794,-0.854087338244371,-0.765767688583203,-0.806668360023141,0.690312785513944,9.99947606155955,NA,NA,NA,NA,NA,NA,NA,NA,NA
"HG02179",0.204520265560875,-0.0213824688606797,-0.0183686335147165,-0.035849117360995,-0.0342711303774029,0.187414765010164,-0.0219839603287576,-0.0516575622425908,-0.0370871697280145,-0.0777635531526471,-0.0426445523602331,-0.0232780328360115,0.189294360392273,0.91322978345458,-1.14513029979551,-0.343367781978987,2.25116812378087,14.3261753291625,NA,NA,NA,NA,NA,NA,NA,NA,NA
"HG02181",-0.104172885760532,-0.0317524535318323,-0.031800037866424,0.48210291181521,-0.176956074586758,-0.127489806873461,-0.185201583712128,-0.313314364992332,0.225600899052531,0.192690228792159,0.389449155618786,0.0290819696948152,-0.140287688675137,-0.97201359203547,0.28549503167294,0.76328837377952,-1.06804001984964,-6.27677465228956,NA,NA,NA,NA,NA,NA,NA,NA,NA
"HG02153",0.206472431443862,-0.0218172436620379,-0.0190744512079018,-0.036256401844035,-0.0360589514970798,-0.137051026612254,0.040318854635762,0.125202893960814,0.0552224895592002,-0.281379939482557,-0.062100409086472,0.120395673483071,0.0010472886733529,1.01896063936511,-1.55048823638289,-0.45604282995841,3.25632401325571,13.8360106470549,NA,NA,NA,NA,NA,NA,NA,NA,NA
"HG02186",0.118982260742623,-0.0222259879994443,-0.0127311710683891,0.165798244625296,0.170368780092625,-0.201653919393281,-0.195657250560762,-0.585847781843227,-0.281585303536088,0.194330696484787,0.110396002975099,0.17235116426356,0.471721960939064,1.4737471906939,-1.29694861096365,0.677789936203895,1.26605343353729,9.26563266810544,NA,NA,NA,NA,NA,NA,NA,NA,NA
"HG02165",0.13339176738285,-0.0222664110131616,-0.0176671148270972,0.115403684095243,0.11149683057548,-0.443534743132643,-0.0681216503969511,-0.131505385943038,0.0478715657632303,0.208534084796651,-0.0210513570460199,0.327731677404438,-0.0521609478293923,-0.849629867886231,-1.73742265963498,-1.41023496266789,4.07441418213291,7.42429588257603,NA,NA,NA,NA,NA,NA,NA,NA,NA
"HG02184",-0.136008943020301,-0.00432352698457716,-0.0424769538487451,0.10948255421049,-0.00418474106297151,-0.105083269886903,-0.101188048063454,-0.141058760335387,-0.101287250511475,0.231176754255383,-0.437220645096309,0.158642934742435,-0.320775623906701,-1.1730919610918,0.524353841609684,-0.0986164930780599,-1.27498701478671,-9.42116403007813,NA,NA,NA,NA,NA,NA,NA,NA,NA
"HG02408",0.131397108792876,-0.0135221361555935,-0.0146025173493104,0.136047871759682,0.123306272572731,-0.218689835027554,-0.154917373811784,-0.456042676814323,-0.186622814607562,0.46278051427196,0.175625151764282,0.0509730669775554,-0.0757945586980005,-0.850801281810395,-1.22766847604832,-1.03828742716609,2.75309389921472,7.83322404791964,NA,NA,NA,NA,NA,NA,NA,NA,NA
"HG02410",-0.0867336367989402,-0.046971007712399,0.89210119797525,0.0406816802514441,0.00925990023947891,-0.0219209383161888,-0.154204907463184,-0.139212181579715,0.230634475286374,-0.0240904922272752,0.191503757341241,0.0355667208453688,0.0850803464423327,0.0281657452911114,-0.413360633207634,2.52089975425405,-1.80219401216186,-7.365114523194,NA,NA,NA,NA,NA,NA,NA,NA,NA
"HG02355",0.0984987254055716,-0.0225855693491498,-0.0148992881652558,0.154019073973361,0.14765204903872,-0.204928818239749,-0.196259277145551,-0.456481405193993,-0.0993058716706804,0.362952686060738,-0.167852978668905,-0.0955364837683135,0.273768654606319,0.515688394000932,-1.01802581376837,0.451632721468692,0.483798008386333,7.96957026051783,NA,NA,NA,NA,NA,NA,NA,NA,NA
"HG02367",0.20939632976618,-0.0195642001159437,-0.0200824318028001,-0.0430404982940777,-0.0491646778520888,-0.162389525818032,0.0595803625917293,0.193747472443841,0.116672770228025,-0.114346536594669,-0.0330962481622354,-0.0215845973706273,-0.209917608235243,-0.00971052850452881,-1.483789471226,-1.12778111721758,3.66931640908834,13.3106966788729,NA,NA,NA,NA,NA,NA,NA,NA,NA
"HG00759",0.138203766932027,-0.0148232005020894,-0.016897661006235,0.105905423496587,0.102892493985182,-0.195481904663508,-0.133643401595883,-0.376476128184232,-0.13455285597937,0.501691872015449,0.127058346385712,0.118191340756189,0.261052294076335,-0.695802200593319,-1.38932168403276,-1.18730645724808,3.03741233897511,8.21890299195725,NA,NA,NA,NA,NA,NA,NA,NA,NA
"HG02374",0.0550899469057965,0.801181942181112,0.00957352257719645,-0.0235954771196248,-0.00255087685598083,0.254329454565431,0.270676878095922,0.169649880866548,-0.178582258787851,-0.276762230759836,-0.559971493994898,0.0821049151976291,0.318491311517215,1.53308235221367,-0.453037797975711,1.14674101480813,-3.31810660118705,-5.21944456843932,NA,NA,NA,NA,NA,NA,NA,NA,NA
"HG00766",0.199947867864288,-0.0204877126621106,-0.0169045796683954,-0.0193757059108477,-0.00752456499317164,-0.185777061649982,0.0251556414178434,0.0508080750020718,-0.0151141021865442,-0.399285462529943,-0.0631344437233057,0.162564506048683,0.796527578278777,-0.244115147419086,-0.00478188911420161,-0.00320692905872077,0.00078463108930345,-4.21440328431878e-05,0.000462437662632873,-0.000692724108798215,0.000219347736989892,0.00024505735519906,0.000284311217858585,0.0050054469254992,-0.018190373261037,0.0231678729668102,-0.190025502306117
"HG02379",0.20939632976618,-0.0195642001159437,-0.0200824318028001,-0.0430404982940777,-0.0491646778520888,-0.162389525818032,0.0595803625917293,0.193747472443841,0.116672770228025,-0.114346536594669,-0.0330962481622354,-0.0215845973706273,-0.209917608235243,-0.00971052850452881,-1.483789471226,-1.12778111721758,3.66931640908834,13.3106966788729,NA,NA,NA,NA,NA,NA,NA,NA,NA
"HG00867",-0.112608524492994,-0.0485225681000016,0.826268517144915,-0.268799176421608,0.094308544524472,-0.0546693682446889,-0.190522660399961,-0.175290507973905,0.256472046449122,-0.0211701369457907,0.498423892375078,0.0119247420381607,0.160105762012692,0.111088587996897,0.191525249209598,1.81649924010987,-1.94743633496469,-9.68305683198656,NA,NA,NA,NA,NA,NA,NA,NA,NA
"HG00879",-0.0860740147889344,-0.0417426093309797,0.874424133864448,-0.0425634253974885,0.0878697141516342,-0.0140218365631857,-0.203653223183025,-0.17030282350311,0.278528930658424,-0.0408714121055507,-0.101317631260043,0.122277739609247,0.00334078629631599,-0.129722256191502,-0.412492840784389,2.2651620724849,-1.91956709100647,-7.43371927189965,NA,NA,NA,NA,NA,NA,NA,NA,NA
"HG02386",0.102283879156091,-0.0236460602920989,-0.0134928179645334,0.174344480496507,0.123691980275964,-0.169764755343934,-0.182277390567335,-0.521834224006752,-0.240079351132241,0.172847989497608,-0.0519479826389232,0.132215475687987,0.447175540472024,1.44655284088974,-1.16689476026452,0.858342101342343,0.752375588393162,8.55773179610023,NA,NA,NA,NA,NA,NA,NA,NA,NA
"HG00881",-0.217221806194486,-0.0581311064521479,-0.0732152894089355,-0.0981716293500328,-0.0586400592299189,0.0110726086758403,-0.0524234711686967,0.0932224539637853,-0.0904547896669391,-0.011252520573516,0.130105590494583,-0.00159186033422243,0.00407098350862646,0.00150150762931578,0.136740408738132,-0.337578681561977,-0.235895796423712,-0.308556353197531,-0.0902693301034893,-0.188075063319937,-0.637174449619587,0.226423760625921,0.148612205622301,-0.0146429144017279,-0.189406742467572,0.166108103246338,-0.155313038736127
"HG02398",-0.19226784166888,-0.0646981262566051,-0.0542913787590742,0.0617469750028212,-0.0596088483754425,-0.0465229805277985,0.0614152921361036,0.0520431776827812,-0.335545749153051,0.148525804298679,-0.8720914455026,0.0766335785130146,-0.0383391891270561,-0.0177500525142838,-0.00478188911419673,-0.00320692905871478,0.000784631089298548,-4.21440328412597e-05,0.000462437662632551,-0.000692724108799351,0.000219347736990116,0.000245057355199019,0.00028431121785584,0.00500544692550691,-0.0181903732610481,0.0231678729668085,-0.190025502306106
"HG00956",-0.217221806194486,-0.0581311064521479,-0.0732152894089355,-0.0981716293500328,-0.0586400592299189,0.0110726086758403,-0.0524234711686965,0.0932224539637854,-0.0904547896669393,-0.011252520573516,0.130105590494584,-0.00159186033422244,0.00407098350862633,0.00150150762931551,0.0665395486740433,-0.291628928474907,-0.163971083584316,-0.224867017709623,-0.211320642895484,0.19908924865751,0.396152357523762,-0.630220058041475,0.0276566600540017,-0.0146413919187596,-0.189936694665836,0.165863735084604,-0.155821423557946
"HG02401",0.112302525575924,-0.020575803777552,-0.0127843083108017,0.165811371908837,0.177082672592522,-0.246940607381773,-0.201222862418588,-0.594491747601858,-0.278553432067612,0.26899272658753,0.0766395493538689,0.0254001851061884,0.595201134779163,1.74923549541651,-1.21735411032183,1.04410791573572,0.564765558732828,9.54116976630238,NA,NA,NA,NA,NA,NA,NA,NA,NA
"HG00982",-0.217221806194485,-0.0581311064521479,-0.0732152894089355,-0.0981716293500328,-0.0586400592299188,0.0110726086758404,-0.0524234711686984,0.0932224539637865,-0.0904547896669401,-0.0112525205735159,0.130105590494584,-0.00159186033422247,0.00407098350862706,0.00150150762931817,0.228529419729997,0.00891336688841572,0.217151167531127,-0.200114128572112,0.453719445672555,0.378622715272946,0.292282129031724,0.449423632187882,-0.0664507536323731,0.184602969068296,-0.00518180346135316,0.227833601225552,-0.166188316587473
"HG02406",0.114054703087829,-0.0203021947781224,-0.0176492146745466,0.139825724550649,0.134812034309842,-0.673070616879834,-0.0360188910464661,-0.255603105171012,-0.202490326503501,0.495133439586715,0.173471105797294,-0.235307389811971,0.119079470690968,0.0777802341906682,-0.00478188911419619,-0.00320692905871418,0.000784631089298128,-4.21440328413187e-05,0.000462437662633251,-0.000692724108799358,0.000219347736989944,0.000245057355198664,0.000284311217856208,0.005005446925507,-0.0181903732610487,0.0231678729668034,-0.190025502306103
"HG01029",-0.105822644089332,0.612565479190111,-0.0279168249963651,-0.0315963663723323,0.0498689560895634,0.0106045508367883,0.507736674045388,-0.617025036849512,0.799176046048595,-0.0466182040810562,-0.120977469021486,0.267829587840519,0.393941143910774,0.382413183923027,2.63827805793012,6.1629018524655,-9.08819723782083,-8.67368188166773,NA,NA,NA,NA,NA,NA,NA,NA,NA
"HG01031",0.0609915195920085,0.743030424209535,0.0104331822535195,-0.0184515241328793,-0.0198154237384109,0.224264863922634,0.220648611832924,0.107434736074779,-0.151383104743989,-0.251989833171939,-0.443924880102869,0.0951036079633316,0.330042231338441,1.42716019841702,-0.505130323307432,0.975932670929863,-2.84415512598756,-4.39488129410646,NA,NA,NA,NA,NA,NA,NA,NA,NA
"HG02364",0.207444163883193,-0.0191294253145855,-0.0193766141096148,-0.0426332138110378,-0.0473768567324112,0.162076265804386,-0.00272245237278143,0.0168870162404347,0.0243631109408125,0.0892698497352394,-0.0136403914359962,-0.165258303689714,-0.0216705365163042,-0.115441384415085,0.235427918124628,-0.139770054796971,0.252111720874838,0.326708462417154,-0.523446228820584,0.167751698256011,0.117464675230684,0.259074113435861,0.41725782799731,0.102671707215219,-0.172230785204729,-0.0171221869528239,-0.181190182760528
"HG02371",0.204520265560875,-0.0213824688606797,-0.0183686335147165,-0.035849117360995,-0.0342711303774029,0.187414765010164,-0.0219839603287576,-0.0516575622425908,-0.0370871697280145,-0.0777635531526471,-0.0426445523602331,-0.0232780328360115,0.189294360392273,0.91322978345458,-1.14513029979551,-0.343367781978987,2.25116812378087,14.3261753291625,NA,NA,NA,NA,NA,NA,NA,NA,NA
"HG02383",-0.217221806194485,-0.0581311064521479,-0.0732152894089355,-0.0981716293500327,-0.0586400592299188,0.0110726086758402,-0.0524234711687008,0.0932224539637883,-0.0904547896669418,-0.0112525205735159,0.130105590494585,-0.00159186033422037,0.0040709835086289,0.00150150762931527,0.101368506621693,0.52991228102152,-0.261360602062955,0.171611972093599,-0.420606697464032,-0.0634339261660557,0.0617698163472535,0.175516479081909,-0.39165400314524,-0.195957589903812,0.0716136402465632,0.236849683933019,-0.191737680544864
"HG02390",0.207444163883193,-0.0191294253145855,-0.0193766141096148,-0.0426332138110379,-0.0473768567324113,0.162076265804386,-0.00272245237277985,0.0168870162404335,0.0243631109408132,0.0892698497352395,-0.0136403914359957,-0.165258303689713,-0.0216705365163054,-0.115441384415091,-0.242443610970262,-0.378881060159575,-0.306263519132498,0.202711845480441,0.201503938196435,-0.238118065469575,0.292275740327736,0.256272478081655,-0.324683758892405,-0.185484156112887,-0.345988293778432,-0.0659622874227973,-0.161987459051263
"HG02395",0.20939632976618,-0.0195642001159437,-0.0200824318028001,-0.0430404982940777,-0.0491646778520888,-0.162389525818032,0.0595803625917293,0.193747472443841,0.116672770228025,-0.114346536594669,-0.0330962481622354,-0.0215845973706273,-0.209917608235243,-0.00971052850452881,-1.483789471226,-1.12778111721758,3.66931640908834,13.3106966788729,NA,NA,NA,NA,NA,NA,NA,NA,NA
"HG01795",0.063053412698497,0.764847030445975,0.0095717493736834,-0.0248823027802176,-0.0321727328582129,0.203591246548471,0.254883497346287,0.188941267027794,-0.105134777330193,-0.0890604832801269,-0.431677887580603,-0.0505961660675989,0.121735738128102,0.444846548508995,-0.432617074839081,0.357649933731378,-2.5497385770217,-5.16585269475709,NA,NA,NA,NA,NA,NA,NA,NA,NA
"HG01808",0.104815746181143,-0.0212181450656495,-0.0148187883100685,0.143847841996556,0.150154685291107,-0.242533593725593,-0.170127495731842,-0.396867113377203,-0.0633538266896246,0.546310004587126,-0.0897622830098369,-0.246290469627836,0.0851991984316314,-0.471454423169442,-0.957273611182261,-0.238205874049386,0.989885953739267,7.65546580261506,NA,NA,NA,NA,NA,NA,NA,NA,NA
"HG01810",-0.0971184288629314,0.887836273090718,0.0048287824266781,0.0286823346149813,-0.0173684351514821,0.0451876528771543,0.0452818365055396,0.0115817251622162,0.0966835102311451,-0.0297272110565789,-0.201277588800229,0.037479863583272,-0.098390541915762,-0.355404131830609,0.33667086963251,0.210667710612881,-4.49131186674271,-19.0001465703606,NA,NA,NA,NA,NA,NA,NA,NA,NA
"HG01815",0.10155584755464,-0.0199336539593096,-0.0158434637317747,0.0982108987284685,0.106763389473816,-0.225950380014591,-0.176860286923419,-0.362436925841223,-0.0283676198221249,0.553028240944171,-0.264824993675188,-0.17438062201166,0.202682190273593,-0.480115537148925,-1.01454045973315,-0.291514251269025,0.997997796569651,7.39826388238899,NA,NA,NA,NA,NA,NA,NA,NA,NA
"HG02250",0.107378132911588,0.132352786354557,0.0267391838996298,0.0647865740004165,-0.0307988802099096,0.0029335159907946,0.587242657517917,-0.763589058160201,0.530821132999149,0.116931139960206,-0.569261215131527,0.372444022789377,0.532773216520601,0.341089476075309,1.17573380451044,6.23882994256636,-4.62903776317137,13.2041397783533,NA,NA,NA,NA,NA,NA,NA,NA,NA
"HG02154",0.129894302835597,0.0585745597427113,-0.0148055150729338,0.138169588880164,0.139901729458484,-0.522163085311916,-0.00564490011490842,-0.120743702371444,-0.0544675936007211,0.337161089089627,0.055389038720992,0.0654360740120069,0.21086904204244,-0.130958829122375,-1.70464654103922,-0.62868037356184,2.88398551228765,6.97482774327076,NA,NA,NA,NA,NA,NA,NA,NA,NA
"HG02166",-0.127171680031072,-0.0490483639657506,0.0322329571042887,0.89374900420412,-0.321249210582895,0.0801166478368186,-0.037308554622565,0.0269564970405651,0.146528899384376,-0.0650501250664797,0.0837968139258681,-0.00970426736106863,9.2834876805855e-05,-0.00130407012742344,-0.00478188911419622,-0.00320692905871499,0.000784631089299018,-4.21440328416435e-05,0.000462437662633007,-0.000692724108799164,0.000219347736989932,0.000245057355198817,0.000284311217856567,0.00500544692550556,-0.018190373261046,0.0231678729668045,-0.190025502306107
"HG02173",0.0668329406360804,-0.0144171046101663,0.0276419651670551,0.118825783937037,-0.000824054630384298,-0.19698739820693,-0.185934278726031,-0.399613418805181,-0.0809222730823217,0.40716475022969,-0.436677940911831,0.126295156610504,0.0634257953552749,-1.63408244606199,-1.17976767297299,-1.19886065919958,2.11744482700176,3.11236600442984,NA,NA,NA,NA,NA,NA,NA,NA,NA
"HG02178",0.20939632976618,-0.0195642001159437,-0.0200824318028001,-0.0430404982940778,-0.0491646778520879,-0.162389525818032,0.0595803625917361,0.193747472443841,0.116672770228026,-0.114346536594671,-0.033096248162232,-0.0215845973706275,-0.209917608235222,-0.00971052850457462,0.00314937808473802,0.058590083696718,-0.364516237535081,0.0404770866831065,-0.00405352521576083,-0.0992463650160353,0.0222976147127216,-0.0364476415413794,-0.0330006338056079,0.779850126348554,0.12375281231968,-0.0217420184896723,-0.191161621167282
"HG02180",-0.0991638171338998,-0.0544199781351385,-0.0494523183326406,0.235250094982719,0.891006552321602,0.155814690061079,0.144899317620322,0.215088292238993,0.0631605880544966,-0.0310465269922587,0.00823779613609518,-0.0435057868794033,0.0045212465250695,0.00399306190190727,-0.00478188911419609,-0.00320692905871492,0.000784631089298948,-4.21440328416192e-05,0.000462437662632923,-0.000692724108799051,0.000219347736989891,0.000245057355198759,0.000284311217856427,0.00500544692550562,-0.0181903732610463,0.0231678729668045,-0.190025502306105
"HG02185",0.108011841797116,-0.0126726677092264,0.474796270920692,-0.072265248429118,-0.0631125130867239,0.0586187114946711,-0.0979308518995156,-0.0574167085095689,0.211658828786801,0.172007634074517,0.363597982590411,0.159253992512462,0.0731861016516121,-1.20533667967519,-1.2600577091826,-0.719931692115232,2.77602785560995,3.3764285603888,NA,NA,NA,NA,NA,NA,NA,NA,NA
"HG02407",0.124587330505691,-0.0146379851826568,-0.0120423256876306,0.127107058040712,0.0974940733466614,-0.241210832251916,-0.149114295632372,-0.370487368892907,-0.0777216852857658,0.585618196922829,0.0615660377692301,-0.107976611180926,0.420933406449842,-0.331285563579272,-1.26357185032492,-0.53424839209113,1.92088506183104,8.36541379879525,NA,NA,NA,NA,NA,NA,NA,NA,NA
"HG02351",-0.0903728788606118,0.976831479860374,0.00432144322439172,0.00178017472985479,0.00215368234318722,0.00620458960779619,0.0152062881230021,0.0115763711686818,-0.0112944938972909,-0.00285344500663948,-0.00519158943172432,-0.000839220929952963,0.0002768993893636,0.00151711409220151,-0.00478188911419616,-0.00320692905871506,0.000784631089298996,-4.21440328416543e-05,0.000462437662632995,-0.000692724108799161,0.00021934773698994,0.000245057355198768,0.000284311217856389,0.0050054469255057,-0.0181903732610462,0.0231678729668045,-0.190025502306107
"HG02356",-0.0536012404146962,0.774941173306541,0.755072152130934,-0.243217787667585,0.0361932026055696,0.0900127675103307,0.160623648679379,0.0985859181485522,-0.0923349141246977,-0.1469880869931,0.0435274872435696,0.200563269885976,0.32611908979379,0.55640628745736,-0.579413766527829,1.6850715568324,-3.39696744137921,-17.2370751019511,NA,NA,NA,NA,NA,NA,NA,NA,NA
"HG02375",-0.108173426835799,-0.0521432188235335,0.969744555899946,-0.0877798935551998,0.0194983093954534,-0.00147500248954744,0.00420035804635152,-0.00016267400194931,0.000503172489638645,-0.00177530474582469,0.00184356465940039,-0.00451729414349428,-0.00234600912312873,-3.88925648720328e-05,-0.00478188911419614,-0.00320692905871504,0.000784631089298999,-4.21440328416457e-05,0.000462437662633006,-0.000692724108799163,0.000219347736989935,0.000245057355198767,0.00028431121785641,0.00500544692550569,-0.0181903732610462,0.0231678729668045,-0.190025502306107
"HG02382",-0.0855008149070538,0.853048919707019,0.00198955447480228,-0.04296545649305,0.049450198874836,-0.0447676229732267,-0.123499990605238,-0.177922680630341,0.230495854072377,0.0417578123562061,-0.330477424928829,0.0290385102564004,-0.0571809349694082,-0.343362980833616,0.194219895537441,0.0638640104067793,-4.59602459608702,-17.3641588305466,NA,NA,NA,NA,NA,NA,NA,NA,NA
"HG02394",0.204520265560875,-0.0213824688606796,-0.0183686335147165,-0.0358491173609952,-0.0342711303774023,0.187414765010163,-0.0219839603287468,-0.0516575622425937,-0.0370871697280101,-0.0777635531526473,-0.0426445523602338,-0.0232780328360177,0.189294360392285,0.913229783454522,-0.00478188911419322,-0.00320692905870371,0.000784631089291716,-4.21440328385943e-05,0.000462437662633068,-0.000692724108801235,0.000219347736991382,0.000245057355199635,0.000284311217853979,0.00500544692552077,-0.0181903732610811,0.0231678729667904,-0.190025502306091
"HG02399",0.134777123629716,-0.0143116612344998,-0.0158714872207323,0.131933602673651,0.135059546237284,-0.193967927199802,-0.145751618510074,-0.444034763362918,-0.192223596961008,0.427389200195231,0.183396983811624,0.119553112029805,-0.135037559677146,-0.982319763794144,-1.26594858805498,-1.24898491380367,3.10600601984652,7.68942238135064,NA,NA,NA,NA,NA,NA,NA,NA,NA
"HG02402",-0.186474647104787,-0.035489955139771,-0.071537607619919,-0.117758247767413,0.10911269318393,-0.0865488141770382,-0.564932105945465,-0.347072564526061,0.628099096539335,-0.0369893884440843,-0.229780197696988,-0.0138839698505478,-0.00746233298846595,-0.00424160016609979,-0.00478188911419638,-0.00320692905871492,0.000784631089298401,-4.21440328415225e-05,0.000462437662632951,-0.00069272410879923,0.000219347736989922,0.000245057355198798,0.000284311217856271,0.00500544692550583,-0.0181903732610456,0.0231678729668075,-0.190025502306108
